date,ic
2016-01-04,0.06734440355505061
2016-01-05,-0.2891106274437754
2016-01-06,-0.30276944232598013
2016-01-07,0.03265524248216515
2016-01-08,-0.052602665251710375
2016-01-11,-0.11135342803036431
2016-01-12,-0.39467636943708234
2016-01-13,0.12194872360027781
2016-01-14,-0.38529962315021976
2016-01-15,0.4467693858558527
2016-01-18,0.040361059948213186
2016-01-19,-0.17099019937628906
2016-01-20,0.15811288138137627
2016-01-21,0.07270517972413054
2016-01-22,-0.0011606154092215545
2016-01-25,0.23522016755804873
2016-01-26,-0.26084167396455554
2016-01-27,0.11894295191724051
2016-01-28,0.12814793223072385
2016-01-29,0.023757357341698395
2016-01-30,-0.013903421838459577
2016-02-01,-0.09505090900428448
2016-02-04,-0.19682503234506504
2016-02-05,0.1901998190986261
2016-02-15,0.17509361464048448
2016-02-16,0.13871801605783632
2016-02-17,-0.02125827614813827
2016-02-18,0.02051140401280556
2016-02-19,0.07829545938592179
2016-02-22,-0.027991712779887427
2016-02-23,-0.06244463177642679
2016-02-24,0.06124454037529426
2016-02-25,0.01117175946385133
2016-02-26,0.11167091120060009
2016-03-01,-0.08785357986741779
2016-03-02,-0.18023933089383345
2016-03-03,0.1093926904625266
2016-03-04,-0.07080334295995638
2016-03-07,-0.006315257023244872
2016-03-08,0.0556838820829069
2016-03-09,0.004110196302415195
2016-03-10,0.09622430637529532
2016-03-11,-0.07706178798585228
2016-03-14,-0.3227391099476751
2016-03-15,0.06895042099432992
2016-03-16,-0.20512734375167957
2016-03-17,0.10978838266621747
2016-03-18,-0.010827623353270728
2016-03-21,-0.14487277044338964
2016-03-22,-0.23956365199759894
2016-03-23,-0.07108766987414797
2016-03-24,-0.07328898409940603
2016-03-25,-0.07499829907167678
2016-03-28,-0.18305483543400677
2016-03-29,0.21114970557472784
2016-03-30,0.06696104683363167
2016-03-31,0.0076031408064561575
2016-04-01,0.03316578102104421
2016-04-06,-0.10090629849819491
2016-04-07,0.0020545450127656966
2016-04-08,-0.022985410998925208
2016-04-11,-0.18234696439872972
2016-04-12,0.2505599208291427
2016-04-13,-0.06891460720807668
2016-04-14,0.013473913793518229
2016-04-15,0.08028653424713085
2016-04-18,-0.06500621147722994
2016-04-19,-0.24535980644375607
2016-04-20,-0.03453411332268414
2016-04-21,-0.1332532374553814
2016-04-22,0.04397370717190597
2016-04-25,0.062492998223972765
2016-04-26,-0.054827924400970694
2016-04-27,-0.31310780595196125
2016-04-28,-0.03445949697796359
2016-04-29,-0.15616799168918966
2016-05-03,-0.06333034606308266
2016-05-04,0.10415673044274497
2016-05-05,-0.04392619937053278
2016-05-06,-0.0619052036017729
2016-05-09,0.21357992339439277
2016-05-10,-0.13227561769831803
2016-05-11,-0.2025876297612429
2016-05-12,0.008198430033616828
2016-05-13,0.14519609113978482
2016-05-16,0.09360413232921273
2016-05-17,0.06875352620084554
2016-05-18,-0.10561769369302013
2016-05-19,0.07156819084445112
2016-05-20,0.26191665883387
2016-05-23,0.12869530945475469
2016-05-24,-0.023661025973407083
2016-05-25,0.04168831541419066
2016-05-26,-0.04302431885314441
2016-05-27,0.014978231433317474
2016-05-30,0.04507141704532925
2016-05-31,0.08465665737403834
2016-06-01,-0.2734223606569736
2016-06-02,-0.038798367777998506
2016-06-03,0.05832163108543003
2016-06-04,-0.10131890882009288
2016-06-06,0.05052476127640038
2016-06-07,-0.11823867187956115
2016-06-08,-0.06340611983804897
2016-06-13,0.22906033490341118
2016-06-14,0.005506582011996045
2016-06-15,-0.05468216383838626
2016-06-16,0.11849488128829544
2016-06-17,0.11006903132746931
2016-06-20,-0.00975392186528822
2016-06-21,0.05177465052896679
2016-06-22,-0.10090468088194018
2016-06-23,-0.40963069677783287
2016-06-24,0.20356652474392906
2016-06-27,0.3180045623938505
2016-06-28,0.10486079633395838
2016-06-29,0.06869100372004186
2016-06-30,-0.10191658545724246
2016-07-01,0.04945090195658975
2016-07-04,-0.09794919440962664
2016-07-05,-0.13184336442988065
2016-07-06,0.014685974671435637
2016-07-07,-0.08224179488919903
2016-07-11,-0.013370399705487559
2016-07-12,-0.10818546448195371
2016-07-13,0.0741907703266882
2016-07-14,-0.04196364709244159
2016-07-15,0.025387201494328285
2016-07-18,-0.04369701894075609
2016-07-19,-0.01263554237208369
2016-07-20,0.036836819472586796
2016-07-21,0.013743228529790553
2016-07-22,-0.17987903082506043
2016-07-25,0.23591941182746132
2016-07-26,-0.088683220603849
2016-07-27,-0.08886236860097792
2016-07-28,-0.006011355378099287
2016-07-29,0.09087520672202622
2016-08-01,-0.06774542689348693
2016-08-02,0.16738210767720801
2016-08-03,-0.01439985001151061
2016-08-04,0.026517401066763133
2016-08-05,-0.08326519279916399
2016-08-08,-0.15747651782578487
2016-08-09,-0.16393446839425213
2016-08-10,-0.04602829584423287
2016-08-11,-0.13916500796782896
2016-08-12,0.09907197383077607
2016-08-15,0.013737487035863019
2016-08-16,-0.06673272442530466
2016-08-17,0.2225609493078556
2016-08-18,-0.160464630662109
2016-08-19,0.0020408665981320345
2016-08-22,0.1363354644177977
2016-08-23,0.0086172302369655
2016-08-24,0.08363881760401863
2016-08-25,0.030775339074273128
2016-08-26,0.127994454865295
2016-08-29,0.07572209490416977
2016-08-30,-0.0840797385737761
2016-08-31,-0.03998062468624232
2016-09-01,-0.24214642633074984
2016-09-02,0.11772431576596938
2016-09-05,0.018040349263786018
2016-09-06,0.010077545984082024
2016-09-07,-0.05218437175819247
2016-09-08,-0.17796985352319378
2016-09-09,0.016306556290452186
2016-09-10,-0.010451598110930651
2016-09-12,-0.27609561971892266
2016-09-13,0.16908195436984488
2016-09-14,0.1655667171554214
2016-09-19,0.07465276136384374
2016-09-20,0.013434385213048442
2016-09-21,-0.06816592964922745
2016-09-22,-0.013747118751854536
2016-09-26,-0.02326055987465534
2016-09-27,-0.16829091997920512
2016-09-29,0.08607365390107392
2016-09-30,-0.03659877875968012
2016-10-03,0.014782657894217791
2016-10-04,-0.029522321751333985
2016-10-05,0.013905524697543472
2016-10-06,-0.13159826407883654
2016-10-07,-0.36556913193790114
2016-10-11,0.14477807486858107
2016-10-12,-0.19088031209568518
2016-10-13,-0.23031176718579865
2016-10-14,0.1529303637294808
2016-10-17,0.15579924631604067
2016-10-18,0.021545328969989026
2016-10-19,0.02580800129640782
2016-10-20,0.05385729708334441
2016-10-21,-0.0806179525631794
2016-10-24,-0.024022576546207465
2016-10-25,0.09565482830986978
2016-10-26,-0.09077593464615859
2016-10-27,-0.2180201520262972
2016-10-28,-0.05171231350070089
2016-10-31,-0.15898344054982344
2016-11-01,-0.33121735496361243
2016-11-02,-0.0728960449821539
2016-11-03,0.2212915374635569
2016-11-04,0.10312023461325509
2016-11-07,-0.10924917377493526
2016-11-08,-0.2125998880003494
2016-11-09,-0.027769519825039498
2016-11-10,-0.061796826721974056
2016-11-11,-0.09447033787722953
2016-11-14,0.1692000150487445
2016-11-15,-0.032963932927912644
2016-11-16,0.05119302437598439
2016-11-17,0.06675247150238454
2016-11-18,0.14905559951210992
2016-11-21,0.09264070690297353
2016-11-22,-0.08561289775864134
2016-11-23,-0.08551566674220079
2016-11-24,0.045925133167333626
2016-11-25,-0.10681367774036858
2016-11-28,0.1374819772773558
2016-11-29,-0.07836727026513227
2016-11-30,-0.08678980528051351
2016-12-01,0.007505043313992271
2016-12-02,0.07965867160105268
2016-12-05,0.056625783092729795
2016-12-06,0.07632981706351805
2016-12-07,-0.14204307713226474
2016-12-08,-0.00024796156860384315
2016-12-09,-0.20582218576079514
2016-12-12,0.15760240496023697
2016-12-13,-0.07920376824184126
2016-12-14,0.12628177306172486
2016-12-15,-0.017049152135405025
2016-12-16,-0.23545083607540795
2016-12-19,0.06376956375522852
2016-12-20,-0.02279223193203653
2016-12-21,-0.13261469661658948
2016-12-22,-0.014720441306519168
2016-12-23,-0.0179352013491415
2016-12-26,-0.018070754800365303
2016-12-27,0.09890104474003465
2016-12-28,0.09966877407147787
2017-01-03,0.05330440808741102
2017-01-04,0.010688641919554277
2017-01-05,0.026665810980964457
2017-01-06,-0.2662324058469888
2017-01-09,0.051588869117101165
2017-01-10,-0.1901919366273232
2017-01-11,-0.029374998039780838
2017-01-12,0.03840561737687131
2017-01-13,-0.05778699403686787
2017-01-16,0.06886604164479083
2017-01-17,0.1342344353838778
2017-01-18,-0.13349081387181808
2017-01-19,0.0013778226640936463
2017-01-20,0.004464640529087491
2017-01-25,0.1716946282982788
2017-01-26,0.06969210815412469
2017-02-02,0.13229981180015804
2017-02-03,-0.10984048264792108
2017-02-06,-0.03269257784527874
2017-02-07,-0.07609332777232247
2017-02-08,0.05706667201326596
2017-02-09,-0.17412845449760428
2017-02-10,0.052429788179516865
2017-02-13,-0.016950241799872662
2017-02-14,0.02659740358400767
2017-02-15,-0.17995697624577087
2017-02-16,0.040949736462163606
2017-02-17,0.18016253179342792
2017-02-18,-0.19226491191366993
2017-02-20,-0.01662691583646556
2017-02-21,0.017181043920227807
2017-02-22,-0.1056892032550128
2017-02-23,0.04449069626339162
2017-02-24,-0.13548039903042905
2017-03-01,-0.18601422645404822
2017-03-02,0.07656330915926153
2017-03-03,0.011108785003087098
2017-03-06,0.10258239895141633
2017-03-07,0.013811151393483467
2017-03-08,-0.15902542035893966
2017-03-09,-0.10594189031307796
2017-03-10,0.057554719611605354
2017-03-13,0.00940302357924748
2017-03-14,0.11128558598557606
2017-03-15,-0.07936923390415906
2017-03-16,0.06692698461268336
2017-03-17,0.02373747417867898
2017-03-20,-0.2861325733276587
2017-03-21,0.29331045601185185
2017-03-22,-0.012406154847849524
2017-03-23,-0.19500886126367425
2017-03-24,-0.1859277998745408
2017-03-27,-0.09596294753683843
2017-03-28,0.14271788964876753
2017-03-29,0.0794284079500319
2017-03-30,-0.02264090171541449
2017-03-31,-0.0025643091203226276
2017-04-05,0.004040296023249622
2017-04-06,0.031663670563138686
2017-04-07,-0.04451538528850063
2017-04-10,-0.26277233180896015
2017-04-11,-0.09215671304052872
2017-04-12,-0.04883244665748435
2017-04-13,-0.2633807046375871
2017-04-14,0.016869021999271098
2017-04-17,0.03591232633045057
2017-04-18,0.016930312438384096
2017-04-19,0.027560434664593254
2017-04-20,0.013856909709596178
2017-04-21,-0.1923964604700385
2017-04-24,0.050336869796682164
2017-04-25,0.15569018847211064
2017-04-26,0.016230496223688957
2017-04-27,-0.005177162738090772
2017-04-28,-0.12804364418235994
2017-05-02,-0.08444573497865054
2017-05-03,0.029693472286045533
2017-05-04,-0.09945141132308401
2017-05-05,-0.1817421079698352
2017-05-08,-0.2240571399781634
2017-05-09,0.34062420337958443
2017-05-10,-0.10090837712571564
2017-05-11,0.030002470932777817
2017-05-12,0.11262057283563018
2017-05-15,-0.11535721521726618
2017-05-16,-0.12956068272011045
2017-05-17,0.30494832634134306
2017-05-18,0.023502784254039292
2017-05-19,-0.03955034079778867
2017-05-22,0.02998720216349471
2017-05-23,0.07147182182975842
2017-05-24,-0.08354169746713457
2017-05-25,-0.10453441820935744
2017-05-26,-0.1082986334790686
2017-05-31,0.15035481427242456
2017-06-01,0.08655579633208517
2017-06-02,0.06277281263263276
2017-06-03,0.014764670964434247
2017-06-05,-0.05770282718943836
2017-06-06,-0.10301635641857564
2017-06-07,0.04065107752556302
2017-06-08,-0.2775619685462157
2017-06-09,0.09879082248552538
2017-06-12,-0.10961586230139683
2017-06-13,-0.36264221342625114
2017-06-14,-0.005774957723904277
2017-06-15,0.2788509775062919
2017-06-16,0.08681927221807301
2017-06-19,-0.2375038989589838
2017-06-20,0.09077376454364526
2017-06-21,-0.13401546144669335
2017-06-22,-0.16430241962929135
2017-06-23,-0.11906650353431109
2017-06-26,-0.15591074524526088
2017-06-27,0.024512231935723244
2017-06-28,-0.32652854102333806
2017-06-29,0.18989977615566983
2017-06-30,0.00728942273871402
2017-07-03,-0.04293978029996096
2017-07-04,-0.04792824324565934
2017-07-05,-0.08305767797136518
2017-07-06,-0.024696894921843786
2017-07-07,-0.06610674458877161
2017-07-10,0.009459348580670853
2017-07-11,0.15076678100139607
2017-07-12,0.03672352678927004
2017-07-13,0.06000471133757379
2017-07-14,-0.15632380250342992
2017-07-17,0.06702583987278987
2017-07-18,0.016319361213965534
2017-07-19,-0.10189220142737813
2017-07-20,-0.015060762583941158
2017-07-21,0.0379868784563458
2017-07-24,0.15050710806271086
2017-07-25,0.002384141926097933
2017-07-26,-0.037334193271851446
2017-07-27,-0.19277560431082055
2017-07-28,0.08525405771033383
2017-07-31,0.10810526256970376
2017-08-01,-0.09471023974577768
2017-08-02,0.046411633786137114
2017-08-03,0.06910079279772133
2017-08-04,0.030068898245892865
2017-08-07,-0.16916576261217356
2017-08-08,-0.110799042393608
2017-08-09,-0.3558137613054307
2017-08-10,0.34351004658030654
2017-08-11,-0.31333129163568246
2017-08-14,0.0917384288090236
2017-08-15,0.21486211524513274
2017-08-16,-0.0568718233602492
2017-08-17,0.23007088513483773
2017-08-18,0.0029294567656238473
2017-08-21,-0.01453332390771432
2017-08-22,-0.023293159958243524
2017-08-23,0.10996440952987721
2017-08-24,0.008906631853753734
2017-08-25,-0.04801889229657732
2017-08-28,0.11390288485767976
2017-08-29,-0.016917750700659588
2017-08-30,-0.02482428184409134
2017-08-31,-0.06265004385521131
2017-09-01,0.00650735186931911
2017-09-04,0.06578300066184563
2017-09-05,0.025495583827536975
2017-09-06,-0.15044114057646915
2017-09-07,0.17401811981405949
2017-09-08,-0.07773845149991583
2017-09-11,-0.17461516531307258
2017-09-12,-0.05196617678052514
2017-09-13,0.08699605216546973
2017-09-14,-0.08773914879943237
2017-09-15,-0.101472278141569
2017-09-18,-0.15482831014054207
2017-09-19,-0.09112486393379639
2017-09-20,0.2232270447146068
2017-09-21,-0.27216401654214106
2017-09-22,-0.41646773484462885
2017-09-25,-0.0804910035250274
2017-09-26,0.28258600991351523
2017-09-27,-0.040232250787400115
2017-09-28,-0.16028813757762092
2017-09-29,0.255791669523106
2017-09-30,0.18581179666828163
2017-10-02,-0.04377579872869587
2017-10-03,0.12374883648142088
2017-10-05,-0.17517876262302395
2017-10-06,-0.24526499650239392
2017-10-11,0.07609930018990141
2017-10-12,0.1552964522079318
2017-10-13,0.0643596931067441
2017-10-16,-0.2582721248484071
2017-10-17,-0.04796313461769976
2017-10-18,0.018405429189943714
2017-10-19,0.06311956815397012
2017-10-20,-0.0733215856417819
2017-10-23,0.17296343748842477
2017-10-24,-0.2536286950841614
2017-10-25,0.26964209803059586
2017-10-26,-0.3241591339393532
2017-10-27,-0.22080187882738725
2017-10-30,0.34973032560464357
2017-10-31,-0.07602045601844677
2017-11-01,-0.0839247584893655
2017-11-02,-0.02350973049885823
2017-11-03,-0.07504016661224254
2017-11-06,-0.054733261560205845
2017-11-07,0.04530811723329235
2017-11-08,-0.36681532110466747
2017-11-09,0.06919430448179496
2017-11-10,-0.286428472139475
2017-11-13,-0.1395579059267908
2017-11-14,-0.0053811694955989515
2017-11-15,0.22427815826354822
2017-11-16,-0.024798489579878163
2017-11-17,-0.15150365857243928
2017-11-20,0.18350930049045477
2017-11-21,-0.13120341848318676
2017-11-22,0.1859283487299341
2017-11-23,-0.02710786087149152
2017-11-24,-0.13723850470191734
2017-11-27,0.07579531211917953
2017-11-28,-0.06942828293591867
2017-11-29,0.004062612696926933
2017-11-30,-0.2703299323952881
2017-12-01,-0.06891629377855954
2017-12-04,-0.2658396249982255
2017-12-05,-0.15659256482998946
2017-12-06,-0.010499469630281928
2017-12-07,0.14151043918072753
2017-12-08,0.2394106349054664
2017-12-11,-0.19075546124351603
2017-12-12,0.22493931835758604
2017-12-13,-0.14857750711027148
2017-12-14,-0.023485482018417728
2017-12-15,-0.01752137483900616
2017-12-18,-0.16462461257052782
2017-12-19,0.23202769940316928
2017-12-20,-0.027395395452013006
2017-12-21,-0.10603648100598548
2017-12-22,-0.06948143477413937
2017-12-25,-0.38953619045384047
2017-12-26,0.2757109736670157
2017-12-27,0.06918732363252168
2018-01-02,0.08840588116259844
2018-01-03,0.1286849411192876
2018-01-04,-0.04007192765057532
2018-01-05,-0.2492284864193389
2018-01-08,-0.0998795249868172
2018-01-09,-0.20950679384042126
2018-01-10,0.1660092309308451
2018-01-11,0.12552563383898177
2018-01-12,-0.2112650920098501
2018-01-15,0.02367990972430156
2018-01-16,0.022182528565772054
2018-01-17,-0.1872174314827675
2018-01-18,-0.08631582025135161
2018-01-19,0.09850212680155596
2018-01-22,-0.14434268173207648
2018-01-23,0.20519146537303787
2018-01-24,-0.24201224850520872
2018-01-25,0.052476320430104105
2018-01-26,-0.12739914055682214
2018-01-29,-0.1619156059966525
2018-01-30,0.30274680574724155
2018-01-31,-0.14707912668515608
2018-02-01,-0.38084601909188026
2018-02-02,-0.035805223169842755
2018-02-05,-0.024955724067745225
2018-02-06,-0.040216394826464205
2018-02-07,-0.46178060918642344
2018-02-08,0.46003137324504856
2018-02-13,0.14511044322782163
2018-02-14,0.20472217028358394
2018-02-21,0.30148789274646
2018-02-22,0.08803715588717125
2018-02-23,-0.09773163987653347
2018-02-26,-0.2486187088628879
2018-02-27,0.17864451712137652
2018-03-01,0.1961428664039453
2018-03-02,-0.05215821380303225
2018-03-05,-0.12063208291775017
2018-03-06,-0.00028273878394874076
2018-03-07,0.06519870856432744
2018-03-08,-0.1069336668246137
2018-03-09,-0.13409895030852476
2018-03-12,0.05526366507912589
2018-03-13,0.03318246218235144
2018-03-14,0.1553541038564709
2018-03-15,-0.13333042054266772
2018-03-16,-0.06170805413568541
2018-03-19,0.16364031815175606
2018-03-20,0.012397624359350434
2018-03-21,-0.5626491454709014
2018-03-22,0.2606855129361896
2018-03-23,0.2786687689592546
2018-03-26,-0.17503644222801054
2018-03-27,0.09570706331589444
2018-03-28,0.04036567519523282
2018-03-29,-0.1384171813617823
2018-03-30,0.04820031043924657
2018-03-31,-0.15299868187167084
2018-04-02,0.1242675889420555
2018-04-03,-0.12302117276792736
2018-04-09,-0.13298456440488995
2018-04-10,-0.02236840427349959
2018-04-11,0.06169792205363081
2018-04-12,-0.03934592645236988
2018-04-13,-0.037260955129057007
2018-04-16,-0.23112781066579333
2018-04-17,0.10180542052904312
2018-04-18,-0.004861001448985124
2018-04-19,-0.02443808902221495
2018-04-20,-0.09564491054555431
2018-04-23,-0.4249533172313926
2018-04-24,0.4013352581940685
2018-04-25,-0.38716419563294674
2018-04-26,0.04528039523830265
2018-04-27,0.06684479892874211
2018-04-30,-0.05578253626079861
2018-05-02,-0.014039536885710614
2018-05-03,0.12199521109492355
2018-05-04,0.016308196988161532
2018-05-07,0.02238667968371662
2018-05-08,0.15169727038826694
2018-05-09,0.10950267579820633
2018-05-10,-0.08493861983759228
2018-05-11,0.02851261696205163
2018-05-14,-0.05733102975999803
2018-05-15,0.03503864138280914
2018-05-16,-0.08884181626426789
2018-05-17,-0.03941530279581911
2018-05-18,0.03654165588361617
2018-05-21,-0.13570280696885784
2018-05-22,0.0038976791713731286
2018-05-23,0.047322508951053326
2018-05-24,-0.019915157651030503
2018-05-25,-0.026424906823636917
2018-05-28,-0.16790854671393524
2018-05-29,0.2964519758742044
2018-05-30,-0.1381638752856154
2018-05-31,0.2261861177567957
2018-06-01,0.05966671197516998
2018-06-04,-0.048755735373277626
2018-06-05,0.19574873450616798
2018-06-06,-0.059524858194849255
2018-06-07,-0.08735823765434249
2018-06-08,-0.052163488713036346
2018-06-11,0.005184651307140649
2018-06-12,-0.16359823010222424
2018-06-13,0.0802572234455191
2018-06-14,-0.13317907654734562
2018-06-15,-0.17628016763130394
2018-06-19,-0.27223449764538377
2018-06-20,-0.0700813529765265
2018-06-21,-0.13361585791755648
2018-06-22,-0.3777814563435981
2018-06-25,0.14812950086528048
2018-06-26,-0.2021432858047164
2018-06-27,0.06569192562184754
2018-06-28,0.06079504873789957
2018-06-29,-0.07820936227215346
2018-07-02,-0.32566252237897464
2018-07-03,-0.04127684907735742
2018-07-04,-0.2964042381165062
2018-07-05,-0.0002006691362126619
2018-07-06,-0.05264503347927391
2018-07-09,0.03580844693141894
2018-07-10,0.011469140967900887
2018-07-11,0.28497081519618633
2018-07-12,0.09182249936626008
2018-07-13,-0.05044695842266648
2018-07-16,-0.13703309428943108
2018-07-17,-0.2474493719134248
2018-07-18,0.007369026749904232
2018-07-19,-0.2224817575781742
2018-07-20,-0.13639954100095109
2018-07-23,0.210332762524978
2018-07-24,0.09409492741584705
2018-07-25,0.026059020592085046
2018-07-26,0.057067249477451766
2018-07-27,-0.3213375363748113
2018-07-30,0.17080578596563947
2018-07-31,-0.010679216895138514
2018-08-01,-0.2501534629755235
2018-08-02,0.07121873717718874
2018-08-03,-0.08031147021567142
2018-08-06,0.024153421781976592
2018-08-07,-0.20747807221105904
2018-08-08,-0.14442005280454995
2018-08-09,-0.254881363873849
2018-08-10,-0.3241386304527638
2018-08-13,0.16174761984642685
2018-08-14,-0.3505751209121817
2018-08-15,0.3180613388443173
2018-08-16,-0.22131607375024698
2018-08-17,-0.11616638161955152
2018-08-20,0.17928080604733782
2018-08-21,-0.03075742491978456
2018-08-22,-0.08492117799371489
2018-08-23,-0.06554798983476981
2018-08-24,0.2799710862688556
2018-08-27,-0.10944083147789781
2018-08-28,0.16851457017578472
2018-08-29,-0.13143477446951954
2018-08-30,0.14247842332961544
2018-08-31,-0.2905444067773245
2018-09-03,0.22084476373708928
2018-09-04,-0.17801769428387407
2018-09-05,-0.15467463229586728
2018-09-06,-0.32360818233056693
2018-09-07,-0.3996983316799068
2018-09-10,0.17896507599481848
2018-09-11,-0.20894853171325792
2018-09-12,0.12831490922269384
2018-09-13,0.19770869109567976
2018-09-14,-0.09625849070612583
2018-09-17,-0.04632247870817445
2018-09-18,-0.10273170589791356
2018-09-19,-0.21859153933715592
2018-09-20,0.01334616091517206
2018-09-21,0.04688004930695316
2018-09-25,-0.03158831070187347
2018-09-26,-0.011690256772004656
2018-09-27,-0.0753426123215354
2018-09-28,0.16049288391939287
2018-10-01,-0.17221087338952068
2018-10-02,-0.33562843429571876
2018-10-03,-0.21345538343473414
2018-10-04,-0.3840237037276381
2018-10-05,0.06329315481531232
2018-10-08,-0.5460798008691158
2018-10-09,-0.05574050101407172
2018-10-11,0.4248202423364925
2018-10-12,0.17024495475364523
2018-10-15,0.3573521659182536
2018-10-16,-0.22438855808228989
2018-10-17,-0.26461275465136996
2018-10-18,0.06757520813804387
2018-10-19,0.2849528780521811
2018-10-22,-0.19387338679596594
2018-10-23,-0.3638667048062668
2018-10-24,0.07542013923281317
2018-10-25,-0.21834090248594404
2018-10-26,-0.13676651739545087
2018-10-29,0.23654923726652174
2018-10-30,0.3586917990221394
2018-10-31,0.44884363932713495
2018-11-01,-0.02443401471096891
2018-11-02,0.12518829613059465
2018-11-05,-0.2668722295762852
2018-11-06,0.36454921922682504
2018-11-07,-0.2542914195092466
2018-11-08,-0.1697647034068803
2018-11-09,-0.2490008816602857
2018-11-12,0.38111728452146576
2018-11-13,-0.004874048765851986
2018-11-14,0.12891476372545962
2018-11-15,0.02905516232715754
2018-11-16,0.07877120152195959
2018-11-19,-0.05607149263643418
2018-11-20,0.33015356224531606
2018-11-21,-0.15943325423875226
2018-11-22,-0.0911168505651426
2018-11-23,0.23043057863629848
2018-11-26,0.22839461115895335
2018-11-27,0.33762686468642356
2018-11-28,-0.1245414130572502
2018-11-29,0.35708594065887683
2018-11-30,0.22764297465065242
2018-12-03,-0.4336790341717484
2018-12-04,0.17316485270678578
2018-12-05,-0.43019417505514823
2018-12-06,-0.0647608475845735
2018-12-07,-0.015748253040077084
2018-12-10,0.2253325942115941
2018-12-11,0.1786575821377622
2018-12-12,-0.18297468245048626
2018-12-13,-0.1370636871794404
2018-12-14,-0.16598928893078516
2018-12-17,0.04052726779560063
2018-12-18,-0.29687979563784817
2018-12-19,-0.3023058686790544
2018-12-20,0.23953237919669926
2018-12-21,0.14689609907482404
2018-12-22,-0.18393971456165586
2018-12-24,0.1289976722443174
2018-12-25,-0.030013614177460343
2018-12-26,-0.18627944237142072
2019-01-02,-0.35625013539250533
2019-01-03,0.21472656953273078
2019-01-04,0.013050262695907491
2019-01-07,0.08798848216340724
2019-01-08,0.03143721073814475
2019-01-09,0.022907620220615734
2019-01-10,-0.22724958167175402
2019-01-11,-0.020157477374164744
2019-01-14,0.19984716413343176
2019-01-15,0.10531353528640527
2019-01-16,-0.18727499476363682
2019-01-18,0.26714427645529887
2019-01-19,-0.15907455747067728
2019-01-21,-0.34658933055347746
2019-01-22,0.3285560191085667
2019-01-23,0.09443213032718485
2019-01-24,0.07489074372190552
2019-01-25,-0.14105205484211764
2019-01-28,-0.011431030560519221
2019-01-31,0.22922501721977365
2019-02-01,0.09437530762249297
2019-02-11,0.19823958963488822
2019-02-12,-0.04402367165211113
2019-02-13,0.0945312759726777
2019-02-14,-0.08066046205737809
2019-02-15,0.06410619850717335
2019-02-18,0.11875507632255562
2019-02-19,-0.0348806675741633
2019-02-20,-0.04475836975176581
2019-02-22,0.02527991026393015
2019-02-23,0.04701962603270242
2019-02-25,-0.26658043808549253
2019-02-26,-0.010072255697070346
2019-02-27,-0.049842526477189036
2019-03-04,-0.004869670927299177
2019-03-05,-0.037276754324973675
2019-03-06,-0.3948834017209997
2019-03-07,0.13987929002304986
2019-03-08,0.21485030183978746
2019-03-11,-0.07762007715721626
2019-03-12,0.09510965959457372
2019-03-13,-0.017777137662316252
2019-03-14,0.02038955123672015
2019-03-15,-0.0359959170203956
2019-03-18,0.039530050406022775
2019-03-19,0.030535334299212374
2019-03-20,0.09803706101791163
2019-03-21,-0.33708026671609964
2019-03-22,0.12410957703444592
2019-03-25,-0.014739616978256027
2019-03-26,-0.02179362461867632
2019-03-27,-0.05134209900348967
2019-03-28,0.14652589857516346
2019-03-29,-0.06582769639201512
2019-04-01,0.14007492838164087
2019-04-02,0.190826866834329
2019-04-03,-0.029361052056902245
2019-04-08,-0.0776701869144945
2019-04-09,0.08313715267676113
2019-04-10,-0.2167401333214231
2019-04-11,0.0014918153397277785
2019-04-12,0.10732258597692097
2019-04-15,0.10950846023860822
2019-04-16,-0.026101598950118984
2019-04-17,-0.18475541130069642
2019-04-18,0.0847850181535801
2019-04-19,-0.02564531144327909
2019-04-22,-0.15094440838983175
2019-04-23,-0.23484605494785823
2019-04-24,-0.0710367235500295
2019-04-25,-0.2354192533847474
2019-04-26,-0.38221376500759346
2019-04-29,0.27833156710367535
2019-04-30,0.14328860365056603
2019-05-02,-0.21994094088689914
2019-05-03,-0.11752434565029661
2019-05-06,-0.28857922977763834
2019-05-07,0.1481281843041396
2019-05-08,-0.35557057380793733
2019-05-09,-0.17809002165388643
2019-05-10,-0.27309740825813744
2019-05-13,0.5084167838626943
2019-05-14,0.08546186531961555
2019-05-15,-0.21864978972765245
2019-05-16,-0.4009442333626874
2019-05-17,-0.27813821734093996
2019-05-20,0.3672887572916993
2019-05-21,-0.2159169055773106
2019-05-22,-0.13418639299317434
2019-05-23,0.011003790532668003
2019-05-24,-0.17500782460507977
2019-05-27,-0.08586060947889858
2019-05-28,0.2132596981449266
2019-05-29,0.19522164581769316
2019-05-30,0.008236519862250104
2019-05-31,-0.09587182574047687
2019-06-03,0.2735241476740827
2019-06-04,-0.26589951601980955
2019-06-05,0.09126535144966326
2019-06-06,0.1235414723548016
2019-06-10,0.17660966074106485
2019-06-11,0.0518666792872842
2019-06-12,0.04662636631441769
2019-06-13,-0.1157622678604232
2019-06-14,0.09001065136496267
2019-06-17,0.049167986700013946
2019-06-18,0.1364558400952767
2019-06-19,0.2595938913943283
2019-06-20,-0.25090198073145653
2019-06-21,0.0837099367969257
2019-06-24,-0.2765348701042227
2019-06-25,0.21094785717609355
2019-06-26,-0.018692561415704346
2019-06-27,0.2620121687764686
2019-06-28,0.08881856021070486
2019-07-01,0.10298816233005179
2019-07-02,-0.08976504700981153
2019-07-03,0.06238963033088563
2019-07-04,-0.060563111781150133
2019-07-05,-0.07080431623170333
2019-07-08,-0.08761335565045202
2019-07-09,0.15426542411943797
2019-07-10,0.028844371331207905
2019-07-11,0.022168090389378704
2019-07-12,0.08255863991537919
2019-07-15,0.022599978475426333
2019-07-16,-0.054273892942507
2019-07-17,-0.0633964197941189
2019-07-18,0.02055511230071504
2019-07-19,0.14025627108732402
2019-07-22,0.03878690377079787
2019-07-23,0.09116146422833797
2019-07-24,0.010961187786287926
2019-07-25,0.08501075435246495
2019-07-26,0.003036956143921949
2019-07-29,-0.4046821982151496
2019-07-30,0.04196928207203094
2019-07-31,-0.09410497891300115
2019-08-01,-0.20657745795835963
2019-08-02,-0.48882919306455813
2019-08-05,0.5676577094182397
2019-08-06,-0.18019515875175948
2019-08-07,0.18785469111052916
2019-08-08,-0.05832424660725849
2019-08-12,0.24340079263436026
2019-08-13,-0.4590262501555221
2019-08-14,0.26338022136314443
2019-08-15,0.11809406100125953
2019-08-16,0.08605577296736551
2019-08-19,0.0026041786460550055
2019-08-20,0.26895416771229774
2019-08-21,-0.10005249040291891
2019-08-22,-0.3383226018679946
2019-08-23,0.11504297601946871
2019-08-26,0.051071125809842494
2019-08-27,0.05971671931261596
2019-08-28,0.22652143534630764
2019-08-29,-0.08381468837744127
2019-08-30,0.23363679785971664
2019-09-02,-0.14151859595153057
2019-09-03,0.31215414034776395
2019-09-04,-0.11992313667904289
2019-09-05,-0.10466347521186127
2019-09-06,-0.3123316651419775
2019-09-09,-0.11965560087150187
2019-09-10,0.2402344795290155
2019-09-11,-0.06679759462867418
2019-09-12,-0.19132203109156842
2019-09-16,0.031210881447690072
2019-09-17,-0.05389111386942466
2019-09-18,-0.024589210389792986
2019-09-19,0.019541390714611577
2019-09-20,0.11476032609839779
2019-09-23,-0.1473691287561052
2019-09-24,-0.0017707776207964245
2019-09-25,-0.11455921220903117
2019-09-27,-0.26994382405791195
2019-09-30,-0.05749729647512424
2019-10-01,0.041022756357439766
2019-10-02,0.2988184132033189
2019-10-04,-0.007641265460388714
2019-10-05,-0.05828333014171787
2019-10-07,-0.27558193835635014
2019-10-08,0.20220457753914384
2019-10-09,-0.05330929387362977
2019-10-14,0.044482938802866766
2019-10-15,-0.14461285292264336
2019-10-16,0.16625497002866124
2019-10-17,-0.025528144482212616
2019-10-18,0.055749915445927854
2019-10-21,-0.07799411227221327
2019-10-22,0.01984390961862343
2019-10-23,0.1438612918541417
2019-10-24,-0.1275944008094149
2019-10-25,-0.003312964355861574
2019-10-28,-0.2598553822616715
2019-10-29,0.1609212558354021
2019-10-30,-0.2428530249593793
2019-10-31,0.1462016151228644
2019-11-01,-0.071435740262582
2019-11-04,-0.0280004356634603
2019-11-05,-0.2511697843815841
2019-11-06,-0.11879473808793538
2019-11-07,-0.13384605376094452
2019-11-08,-0.19932844979791
2019-11-11,0.1686821768020176
2019-11-12,0.03563683029159472
2019-11-13,-0.09124873524964926
2019-11-14,0.11772090907836669
2019-11-15,0.015167139692004178
2019-11-18,0.009487009418417508
2019-11-19,-0.2746842129900493
2019-11-20,0.24206408069441807
2019-11-21,-0.010579238650896572
2019-11-22,-0.020452490566777552
2019-11-25,0.006782864785946081
2019-11-26,0.04060872068285882
2019-11-27,-0.07289980474812961
2019-11-28,-0.22159355541172485
2019-11-29,-0.14966977184842598
2019-12-02,0.20186436897946586
2019-12-03,0.1798592233398992
2019-12-04,0.10011172907975305
2019-12-05,0.10531024772974107
2019-12-06,-0.09027719349712945
2019-12-09,0.05257838542436217
2019-12-10,0.07849671148923053
2019-12-11,-0.0675640167579195
2019-12-12,-0.27616459205539395
2019-12-13,0.20442194436946692
2019-12-16,0.025735388131348475
2019-12-17,-0.14243774856371538
2019-12-18,0.013133411696082054
2019-12-19,0.0007771393238881758
2019-12-20,-0.12917431543861876
2019-12-23,0.02694338700186462
2019-12-24,0.148897000496013
2019-12-25,0.00943089652092553
2019-12-26,0.049323555289848456
2019-12-27,-0.04701480965273493
2020-01-02,-0.3951842531915752
2020-01-03,-0.02317964264532789
2020-01-06,-0.38190517964718323
2020-01-07,0.1647745703923037
2020-01-08,0.1477560633150223
2020-01-09,-0.04522607298789419
2020-01-10,0.12630723944907266
2020-01-13,0.04496419594573557
2020-01-14,-0.037979882674970454
2020-01-15,0.16087418529068945
2020-01-16,-0.09365826002541956
2020-01-21,-0.31361012010905315
2020-01-22,-0.009752732072404522
2020-01-30,-0.3434162703571374
2020-01-31,0.20362265829047912
2020-02-03,0.4630975587327305
2020-02-04,-0.01616665132705601
2020-02-05,0.050463138744679864
2020-02-06,-0.403689348936904
2020-02-07,-0.09555010703156391
2020-02-10,0.2375399948727542
2020-02-11,0.2749941719997729
2020-02-12,-0.1401985973043292
2020-02-14,0.20485762371385424
2020-02-15,-0.041896781084677676
2020-02-17,-0.0029701351403768335
2020-02-18,0.12860423704808135
2020-02-19,-0.018563198690742598
2020-02-20,-0.22077136999822336
2020-02-21,-0.12459849720136874
2020-02-24,0.14001103233347356
2020-02-25,0.05957433973704437
2020-02-26,-0.5420417093044679
2020-02-27,0.40141462675181233
2020-03-02,-0.1430878246377521
2020-03-03,0.13529127589829404
2020-03-04,-0.14123036079787568
2020-03-05,-0.04019523153744361
2020-03-06,-0.24721544330531975
2020-03-09,0.1603495860986214
2020-03-10,-0.4232828196632855
2020-03-11,-0.5886915542868372
2020-03-12,0.010470782775715901
2020-03-13,-0.3307761053622354
2020-03-16,0.00592800918239966
2020-03-17,-0.0862050315092208
2020-03-18,-0.06494703432946779
2020-03-19,0.1411327441396104
2020-03-20,0.31795571467734995
2020-03-23,0.04899156095262545
2020-03-24,0.21080715080523543
2020-03-25,0.2330497078083539
2020-03-26,-0.1229122388568181
2020-03-27,0.19622599656851097
2020-03-30,-0.09087365656936372
2020-03-31,0.14932967723846105
2020-04-01,0.19005792389199366
2020-04-06,0.20633626286918857
2020-04-07,0.4268563651133823
2020-04-08,-0.02090445424602547
2020-04-09,-0.059517744362185
2020-04-10,0.0014569053058595019
2020-04-13,0.12804875240704383
2020-04-14,-0.004874766934491447
2020-04-15,0.2031963379600812
2020-04-16,-0.24337611154671618
2020-04-17,0.03298394143551237
2020-04-20,-0.3534674515735618
2020-04-21,-0.1471704451425518
2020-04-22,-0.014287558047113413
2020-04-23,0.10261508688522156
2020-04-24,0.05144437029885552
2020-04-27,0.059807071376134995
2020-04-28,0.14906273732749517
2020-04-29,-0.08477651236683299
2020-04-30,0.2682526478697724
2020-05-04,-0.08691687766328453
2020-05-05,-0.029621406189043513
2020-05-06,0.18972414602147766
2020-05-07,-0.17588532922282124
2020-05-08,-0.10281829454077619
2020-05-11,-0.05209953571289748
2020-05-12,-0.012165770030909602
2020-05-13,-0.13812359536408614
2020-05-14,-0.25152244403070695
2020-05-15,0.09693924328744376
2020-05-18,-0.1578517540046972
2020-05-19,0.1447588300389014
2020-05-20,0.06353861896036452
2020-05-21,-0.21369372980915555
2020-05-22,0.14876671143134054
2020-05-25,-0.052433089383036084
2020-05-26,0.0034648871430158043
2020-05-27,-0.18428666789081552
2020-05-28,-0.020692617041538013
2020-05-29,0.0428978072819368
2020-06-01,-0.09921403681514421
2020-06-02,0.08157241192996093
2020-06-03,0.0537382525000806
2020-06-04,0.11029683566122898
2020-06-05,-0.11756386023851303
2020-06-08,-0.12640626949505376
2020-06-09,-0.028532540735252854
2020-06-10,-0.31623635786171034
2020-06-11,0.30665870692504865
2020-06-12,0.052778102764923805
2020-06-15,-0.01672623417105848
2020-06-16,0.046171179072083006
2020-06-17,0.16181467772356956
2020-06-19,0.0785996054894006
2020-06-20,-0.09800578955358008
2020-06-22,-0.17854924108691084
2020-06-23,-0.25536692170419073
2020-06-24,0.13042313146259796
2020-06-29,0.0583178978876733
2020-06-30,0.07199375793306328
2020-07-01,0.11247738805915887
2020-07-02,0.011440717012788914
2020-07-03,0.17574585520777616
2020-07-06,-0.20981510560739128
2020-07-07,0.29300637996806284
2020-07-08,-0.07010780700002861
2020-07-09,-0.13924876655571208
2020-07-10,-0.05827043013052894
2020-07-13,0.019102937531463637
2020-07-14,-0.2836643742289545
2020-07-15,0.01713873176260771
2020-07-16,-0.3526239963948182
2020-07-17,0.19965890444847698
2020-07-20,0.13100792372984635
2020-07-21,0.22523217137706084
2020-07-22,-0.06399313590052594
2020-07-23,-0.13180277059388837
2020-07-24,-0.023621333620920688
2020-07-27,-0.23207906717854987
2020-07-28,0.36253249475126476
2020-07-29,0.08627170926120202
2020-07-30,0.18949837470456543
2020-07-31,0.09812194843895286
2020-08-03,0.1907152349186141
2020-08-04,0.1677198012818444
2020-08-05,-0.16100478836025764
2020-08-06,-0.05693728732122953
2020-08-07,-0.2051846256896954
2020-08-10,-0.32888711363421325
2020-08-11,0.19835776778845474
2020-08-12,-0.21590679851126582
2020-08-13,0.21985262748152345
2020-08-14,0.10788653971734477
2020-08-17,-0.1247480215741572
2020-08-18,-0.13072358611772
2020-08-19,-0.365344565375072
2020-08-20,0.15558095979322867
2020-08-21,0.23132573889073088
2020-08-24,0.016339116811696346
2020-08-25,0.1834059079268147
2020-08-26,-0.18886288811978222
2020-08-27,0.0848227930358231
2020-08-28,-0.01567551143526259
2020-08-31,0.03163059215937381
2020-09-01,0.2095879631251141
2020-09-02,-0.31044413242197405
2020-09-03,0.3872355463106303
2020-09-04,-0.0569175487311994
2020-09-07,-0.36900417853384837
2020-09-08,0.34470053770567244
2020-09-09,-0.25786748874882087
2020-09-10,-0.16461090435535186
2020-09-11,0.09401619925211203
2020-09-14,0.13085197289906791
2020-09-15,-0.16003519478027262
2020-09-16,0.17513823891423796
2020-09-17,0.14365326412620363
2020-09-18,-0.2047352849501986
2020-09-21,-0.0602497298060059
2020-09-22,-0.27492039282717207
2020-09-23,0.03962083756277778
2020-09-25,-0.5029133648292711
2020-09-26,0.20465614255098175
2020-09-28,-0.25857066364205944
2020-09-29,0.3068875223737577
2020-09-30,0.2506524981011805
2020-10-05,-0.014968646938036866
2020-10-06,0.2569335690664207
2020-10-07,-0.10893520206655222
2020-10-08,-0.17107315826089017
2020-10-12,0.062199444944004124
2020-10-13,0.19024125384848403
2020-10-14,-0.031133464970772233
2020-10-15,-0.20931649942737796
2020-10-16,-0.009414655866671015
2020-10-19,0.12009231585295618
2020-10-20,-0.06609750179923041
2020-10-21,-0.0439608583378073
2020-10-22,0.06989327390391119
2020-10-23,-0.2744228894402329
2020-10-26,0.18418940871576767
2020-10-27,-0.4443247291484879
2020-10-28,0.33117771573936194
2020-10-29,-0.29293252421106264
2020-10-30,-0.05382639268273383
2020-11-02,0.170752226433329
2020-11-03,0.045599754196733636
2020-11-04,0.14857610763076634
2020-11-05,0.03797914192587815
2020-11-06,0.002341596835103756
2020-11-09,-0.2879018182870672
2020-11-10,-0.041938213939801516
2020-11-11,-0.17127642484216354
2020-11-12,0.24409787236882965
2020-11-13,-0.009569258838161556
2020-11-16,-0.05620890250581098
2020-11-17,0.1306156102755255
2020-11-18,0.16805618585384383
2020-11-19,0.04003433000708095
2020-11-20,0.10888732341229437
2020-11-23,-0.06733021016993389
2020-11-24,-0.0582006514854326
2020-11-25,0.14716227284280714
2020-11-26,0.20542457020573543
2020-11-27,0.012986950343837627
2020-11-30,0.010224307408747312
2020-12-01,-0.13229455472941806
2020-12-02,-0.1104348755880155
2020-12-03,0.03442684169811466
2020-12-04,-0.10249497575992776
2020-12-07,0.23509728966980908
2020-12-08,-0.027292868281318286
2020-12-09,-0.09629288583059123
2020-12-10,-0.23464607676619217
2020-12-11,0.19134155666520858
2020-12-14,-0.2275610760857569
2020-12-15,0.08673003579342616
2020-12-16,-0.06454893839879307
2020-12-17,-0.020333955125475235
2020-12-18,-0.0563697954404402
2020-12-21,-0.283877220211278
2020-12-22,0.3954912442656668
2020-12-23,0.10905623311591633
2020-12-24,-0.05510986318007432
2020-12-25,0.015581344815627505
2020-12-28,-0.12275904394144212
2020-12-29,-0.03650342443676001
2021-01-04,0.08248176151505249
2021-01-05,-0.3010919523718204
2021-01-06,0.08979367490575058
2021-01-07,-0.2182232334610751
2021-01-08,0.10057654489455777
2021-01-11,-0.208452829328986
2021-01-12,0.11753846626036611
2021-01-13,0.11823044017008526
2021-01-14,-0.23676970859817864
2021-01-15,0.17208645430405456
2021-01-18,-0.03753360529469524
2021-01-19,-0.39965765246242874
2021-01-20,-0.10264206331540517
2021-01-21,0.3696247990675472
2021-01-22,0.12118668789675367
2021-01-25,-0.2575121740722238
2021-01-26,-0.36169801441561183
2021-01-27,0.37082159571287954
2021-01-28,-0.4845484022440821
2021-01-29,-0.01072811313406958
2021-02-01,0.23470833214769973
2021-02-02,-0.06853316418039414
2021-02-03,0.11476322232761739
2021-02-08,0.11444645943134313
2021-02-09,0.1593244562433894
2021-02-17,0.2610302930596811
2021-02-19,0.5199265872939943
2021-02-20,0.012617621004632179
2021-02-22,-0.15272776788058282
2021-02-23,-0.08776849797431478
2021-02-24,-0.4062242460097052
2021-02-25,0.5052761432323514
2021-02-26,-0.4196803623304227
2021-03-02,0.043679597651299494
2021-03-03,-0.2757266024960915
2021-03-04,0.2027507405800499
2021-03-05,-0.2642065530471255
2021-03-08,0.04538062536709861
2021-03-09,-0.007650398966275598
2021-03-10,0.26076872213887264
2021-03-11,0.024976746361092705
2021-03-12,0.16102997098831429
2021-03-15,-0.10658950633327147
2021-03-16,0.11586396836023789
2021-03-17,-0.0793302679639852
2021-03-18,0.19692342834499443
2021-03-19,-0.005226899249794674
2021-03-22,-0.31062696818698937
2021-03-23,0.14164660992200032
2021-03-24,-0.13438064858279167
2021-03-25,0.14657765305635231
2021-03-26,0.09530187450610647
2021-03-29,0.07550693261717903
2021-03-30,0.09810185038295023
2021-03-31,0.20022035716433004
2021-04-01,0.23338725239483696
2021-04-06,0.14880785296621582
2021-04-07,0.2140329200800329
2021-04-08,-0.06497687952436564
2021-04-09,0.10380572725362065
2021-04-12,-0.24151941791212142
2021-04-13,-0.1793917275165695
2021-04-14,0.3704350166194487
2021-04-15,0.20422278848836783
2021-04-16,-0.0043030034767852395
2021-04-19,0.030279506628547437
2021-04-20,0.27667746241988106
2021-04-21,-0.19174419726092073
2021-04-22,0.12183394074865418
2021-04-23,0.05822576236867213
2021-04-26,-0.08581464721620433
2021-04-27,0.09066385981284794
2021-04-28,-0.12854498918612117
2021-04-29,-0.24589168580251836
2021-05-03,-0.4093472488405337
2021-05-04,0.14163671918596113
2021-05-05,0.03302843605598744
2021-05-06,0.2545381466430494
2021-05-07,-0.06294681884667679
2021-05-10,-0.24867812107360046
2021-05-11,-0.3950110083608602
2021-05-12,0.49549939952034183
2021-05-13,-0.48001274039909997
2021-05-14,0.33470773090763856
2021-05-17,0.2566731339681396
2021-05-18,0.07617577337802557
2021-05-19,-0.0023078226599459154
2021-05-20,-0.03775353354998691
2021-05-21,0.4324570726718752
2021-05-24,0.09788140033312841
2021-05-25,0.10130043437918497
2021-05-26,0.3101110063434583
2021-05-27,0.1695517256980319
2021-05-28,-0.06143500157964501
2021-05-31,0.34343812148095687
2021-06-01,-0.16070755711031076
2021-06-02,0.035597405040426994
2021-06-03,-0.09834069754060949
2021-06-04,-0.21647991961241858
2021-06-07,0.04322732393989255
2021-06-08,-0.08485553025863306
2021-06-09,-0.0602557657034669
2021-06-10,-0.023328030746931534
2021-06-11,0.051023386837205406
2021-06-15,-0.30200925965572684
2021-06-16,0.3983918852035657
2021-06-17,-0.31816722374819617
2021-06-18,0.014184266982168086
2021-06-21,-0.03785752748280039
2021-06-22,0.11635484912286911
2021-06-23,0.27835028073501483
2021-06-24,-0.1299287878381488
2021-06-25,0.1414766810495547
2021-06-28,-0.07735772032972991
2021-06-29,0.2364303114077949
2021-06-30,-0.28895667172732087
2021-07-01,0.11890955313071588
2021-07-02,0.03422717942141343
2021-07-05,-0.2577336382531993
2021-07-06,-0.04025275928952231
2021-07-07,-0.16304628345021066
2021-07-08,0.17173764929956833
2021-07-09,-0.005653615730514602
2021-07-12,-0.3841232349683797
2021-07-13,-0.0519174969480414
2021-07-14,0.21133185386498785
2021-07-15,0.07768475652698217
2021-07-16,-0.015021193301012079
2021-07-19,0.07940984859206587
2021-07-20,-0.3201974342134172
2021-07-21,0.010280973046874451
2021-07-22,0.18060519816692733
2021-07-23,-0.08376018266158707
2021-07-26,-0.3999807176472812
2021-07-27,-0.01052378154508696
2021-07-28,0.06095171525108975
2021-07-29,-0.1516687622471195
2021-07-30,0.12704404049674556
2021-08-02,0.0477231360735908
2021-08-03,-0.06735350568915728
2021-08-04,-0.16505962039898503
2021-08-05,-0.0318463280406785
2021-08-06,-0.1613560916139483
2021-08-09,-0.255705414981005
2021-08-10,-0.3244092290679271
2021-08-11,0.26014015832400517
2021-08-12,-0.3776700645417105
2021-08-13,0.032734332979290674
2021-08-16,-0.5387306352716458
2021-08-17,0.534937792510115
2021-08-18,-0.23979730900656593
2021-08-19,0.0703676608342128
2021-08-20,0.4330687273161508
2021-08-23,-0.1654712348736661
2021-08-24,0.393227274748822
2021-08-25,-0.18413421925150714
2021-08-26,-0.016212136104495227
2021-08-27,-0.08860763916363187
2021-08-30,0.03407621868408159
2021-08-31,0.16097199885238625
2021-09-01,-0.20024595459152777
2021-09-02,-0.0934305388834054
2021-09-03,-0.31262000476270385
2021-09-06,-0.16522711218710429
2021-09-07,-0.28629339997445813
2021-09-08,0.2950854209513904
2021-09-10,0.0772610291880825
2021-09-11,-0.00900030386804299
2021-09-13,-0.2798868839775644
2021-09-14,-0.015016642209561408
2021-09-15,-0.2752829558272451
2021-09-16,-0.17362799892899325
2021-09-17,0.2634689756845124
2021-09-22,-0.005428937446612648
2021-09-23,0.03623001435228717
2021-09-24,-0.03390206756338811
2021-09-27,-0.3354225558869174
2021-09-28,0.03851830510162405
2021-09-29,0.020937551828993237
2021-09-30,-0.3633863970088031
2021-10-01,-0.434466593866293
2021-10-04,0.6118210304241842
2021-10-05,-0.16612258958863713
2021-10-06,0.34671314502367223
2021-10-07,-0.305324011189931
2021-10-08,-0.2029797854190365
2021-10-12,-0.33691141081059195
2021-10-13,0.1202495808798403
2021-10-14,0.08272381689298011
2021-10-15,-0.09441291860997639
2021-10-18,0.37831247868301743
2021-10-19,-0.0054458356020273165
2021-10-20,-0.006621273275937933
2021-10-21,-0.15080886313126865
2021-10-22,0.28004767985793755
2021-10-25,-0.20541455832662686
2021-10-26,0.17369958142958777
2021-10-27,0.15261027182932016
2021-10-28,0.13233961510977724
2021-10-29,0.20178969638603766
2021-11-01,-0.28374935282186314
2021-11-02,0.2196767667854264
2021-11-03,-0.0590676604582009
2021-11-04,-0.030442131401493155
2021-11-05,0.007905641345310136
2021-11-08,0.0901022320461412
2021-11-09,-0.04803251626489605
2021-11-10,0.1296307946173997
2021-11-11,-0.061935614369136284
2021-11-12,0.076142239667706
2021-11-15,0.017022407054605167
2021-11-16,0.027600153101851634
2021-11-17,-0.1470175804239817
2021-11-18,-0.08441330201919374
2021-11-19,0.05677258400778844
2021-11-22,-0.17943233324736785
2021-11-23,0.15665043507977297
2021-11-24,-0.24608700867350566
2021-11-25,-0.4613949507704568
2021-11-26,0.3938886527100595
2021-11-29,0.08985897813323065
2021-11-30,0.1854877102673745
2021-12-01,-0.17888157363895282
2021-12-02,0.06829278030363532
2021-12-03,0.15599082399253986
2021-12-06,0.0338990222057455
2021-12-07,-0.038943410128754546
2021-12-08,-0.2109990100472354
2021-12-09,-0.013494937531911005
2021-12-10,-0.000899770262967745
2021-12-13,-0.4318999815031613
2021-12-14,0.4763651579127776
2021-12-15,-0.07706284627946942
2021-12-16,-0.21273840774359876
2021-12-17,0.0033601252083579657
2021-12-20,0.2645687391247752
2021-12-21,5.690490143363211e-05
2021-12-22,0.03083765647571291
2021-12-23,-0.1342610782743247
2021-12-24,0.10347014014576485
2021-12-27,-0.19482359708769212
2021-12-28,0.011396936786998865
2022-01-03,-0.021050379830137873
2022-01-04,-0.4669416771449133
2022-01-05,0.03146564497267465
2022-01-06,-0.5010240174183551
2022-01-07,0.19424288540193818
2022-01-10,-0.3402468596496694
2022-01-11,-0.23334394985382076
2022-01-12,-0.27911789252458097
2022-01-13,-0.15778727894817754
2022-01-14,0.33354297323409726
2022-01-17,-0.30097829000244075
2022-01-18,0.18271286517273846
2022-01-19,-0.2258232865316842
2022-01-21,-0.3381715981418403
2022-01-22,-0.015570539313587563
2022-01-24,-0.289789121378587
2022-01-27,0.31904797795780876
2022-01-28,0.12531552412365637
2022-02-07,0.23996275648199789
2022-02-08,0.22207042496942225
2022-02-09,-0.377232484717019
2022-02-10,-0.17575938694699503
2022-02-11,-0.18756389713017438
2022-02-14,0.24958137082311282
2022-02-15,0.0013453899479796455
2022-02-16,-0.3592874949005555
2022-02-17,0.19115487164530084
2022-02-18,-0.124049834866557
2022-02-21,-0.28532274327941065
2022-02-22,-0.01955868303366459
2022-02-23,-0.150513920536579
2022-02-24,0.07299868653563475
2022-02-25,0.00011915330408121668
2022-03-01,0.3277759778920052
2022-03-02,-0.22569513795339213
2022-03-03,-0.3184925212974057
2022-03-04,-0.4130096389830786
2022-03-07,0.16771506818961865
2022-03-08,0.3441538888002813
2022-03-09,-0.07286954563720716
2022-03-10,0.16918799010735197
2022-03-11,-0.0920417645191792
2022-03-14,-0.2635379225378728
2022-03-15,0.014622854312642259
2022-03-16,0.19835695067730863
2022-03-17,0.2555384741542806
2022-03-18,-0.07775902173055554
2022-03-21,0.18748581804632766
2022-03-22,-0.130415046282864
2022-03-23,0.25142092338328065
2022-03-24,-0.3606668277647139
2022-03-25,0.14266412570236614
2022-03-28,-0.06526514604303876
2022-03-29,-0.0007262500005145806
2022-03-30,-0.3811168666051586
2022-03-31,0.088033811040863
2022-04-01,-0.09339134572214947
2022-04-06,-0.28742314672765296
2022-04-07,0.18772096348262632
2022-04-08,-0.26700322147370165
2022-04-11,0.16855292984111814
2022-04-12,0.15874927887145987
2022-04-13,-0.23946494606470178
2022-04-14,-0.25272782498081753
2022-04-15,0.0686988703264612
2022-04-18,0.14356846551472266
2022-04-19,-0.006088964180648041
2022-04-20,-0.13040774450731726
2022-04-21,-0.30008306626649994
2022-04-22,-0.11461348711113395
2022-04-25,-0.4797961626850904
2022-04-26,0.40724604878228365
2022-04-27,0.19026449447536453
2022-04-28,-0.2413126397649169
2022-04-29,0.1575588907711966
2022-05-03,0.10277445037493017
2022-05-04,-0.3093075451565562
2022-05-05,0.0035142529367030036
2022-05-06,-0.24005052477503866
2022-05-09,0.3958804401938326
2022-05-10,-0.26565059352303716
2022-05-11,-0.006891604365824963
2022-05-12,0.30185616865061426
2022-05-13,-0.0657859328111944
2022-05-16,0.21108612336487778
2022-05-17,-0.27836556414082037
2022-05-18,0.2951597450022844
2022-05-19,-0.04744608912176013
2022-05-20,0.10422033642746002
2022-05-23,-0.30175599819592963
2022-05-24,0.24439572987599548
2022-05-25,-0.14202403620398968
2022-05-26,0.18015908135386005
2022-05-27,0.17321444077087136
2022-05-30,0.05065531935181702
2022-05-31,0.03201865109181027
2022-06-01,-0.0427774300008708
2022-06-02,-0.032442756120645816
2022-06-06,0.0034433767280404623
2022-06-07,-0.14240873158825446
2022-06-08,-0.07393116924094828
2022-06-09,-0.18685020178747777
2022-06-10,-0.11983375094536815
2022-06-13,-0.004872962618887542
2022-06-14,-0.08507479988030454
2022-06-15,-0.5283641244466685
2022-06-16,0.15796962218892213
2022-06-17,-0.2415526812281866
2022-06-20,0.41497194073458726
2022-06-21,-0.4413875999978235
2022-06-22,0.018445137934090257
2022-06-23,0.2079265092682236
2022-06-24,0.2856494684004514
2022-06-27,-0.1824383403672175
2022-06-28,-0.057643194888952615
2022-06-29,-0.4248602205679517
2022-06-30,-0.3895518825056382
2022-07-01,0.10208982225014356
2022-07-04,0.02036899651363772
2022-07-05,-0.2945764581527729
2022-07-06,0.48772275336684867
2022-07-07,0.11679927408898101
2022-07-08,-0.274782507295779
2022-07-11,-0.08502016607411851
2022-07-12,-0.14500194773855787
2022-07-13,0.4615460196973389
2022-07-14,0.1847945373440396
2022-07-15,0.06846864513535408
2022-07-18,0.3513784667005437
2022-07-19,-0.09046005965923118
2022-07-20,0.3164399918830517
2022-07-21,-0.22930829427707894
2022-07-22,-0.060583845260062656
2022-07-25,-0.31678022416930096
2022-07-26,0.39240102508431335
2022-07-27,-0.27653763091623
2022-07-28,0.1585920871640948
2022-07-29,0.02205221108559563
2022-08-01,-0.18159010393291672
2022-08-02,-0.2598533143553654
2022-08-03,0.04666804150590052
2022-08-04,0.1324578264391196
2022-08-05,0.02750053773114587
2022-08-08,-0.04547171912801406
2022-08-09,0.11867087594866502
2022-08-10,-0.09689304803824937
2022-08-11,0.10395213884041432
2022-08-12,0.13106144202528835
2022-08-15,-0.014807716885178875
2022-08-16,-0.07578926144028192
2022-08-17,0.4115300813545589
2022-08-18,-0.08641747494891791
2022-08-19,-0.2228375126893056
2022-08-22,0.18201555011142903
2022-08-23,0.014504634717540798
2022-08-24,0.22059954085913305
2022-08-25,-0.421750837127724
2022-08-26,0.22853523719585037
2022-08-29,0.07524065887975666
2022-08-30,0.08111644859800456
2022-08-31,-0.1811953028633678
2022-09-01,-0.044211234988098265
2022-09-02,-0.1745694918415507
2022-09-05,-0.4323911866608458
2022-09-06,0.257422987307807
2022-09-07,0.12775839787950202
2022-09-08,0.10833843313991902
2022-09-12,-0.27878389346401794
2022-09-13,0.49577743104682187
2022-09-14,-0.17887501504730496
2022-09-15,-0.1285210683865595
2022-09-16,-0.2363477978790061
2022-09-19,-0.11388259119614981
2022-09-20,-0.23935360346302606
2022-09-21,0.1563001704832506
2022-09-22,-0.35736383628589513
2022-09-23,-0.2518369664999663
2022-09-26,0.25367426946317595
2022-09-27,-0.41799994686691005
2022-09-28,-0.3175382264605372
2022-09-29,0.3242083041774361
2022-09-30,0.5464623545327398
2022-10-03,0.21716007729729364
2022-10-04,-0.14121339915131303
2022-10-05,-0.14287503555986739
2022-10-06,-0.3603883732684155
2022-10-07,-0.20126158051807477
2022-10-11,-0.09411851863853204
2022-10-12,-0.345596039379243
2022-10-13,-0.07199398666304674
2022-10-14,0.32962591909757344
2022-10-17,-0.14995506263781794
2022-10-18,-0.22533388761434703
2022-10-19,-0.062361036623745564
2022-10-20,-0.049955043962275916
2022-10-21,-0.15290924563200542
2022-10-24,-0.2494843015959144
2022-10-25,-0.06440798035515875
2022-10-26,0.4105749052671755
2022-10-27,-0.044596584185995554
2022-10-28,0.055605599657090485
2022-10-31,0.2570282482520584
2022-11-01,0.0010954259792983275
2022-11-02,0.3756941705628888
2022-11-03,0.09053609745547782
2022-11-04,0.09753503449064874
2022-11-07,-0.05631498310659979
2022-11-08,-0.10642541509430777
2022-11-09,0.319949211673386
2022-11-10,-0.2327913911710041
2022-11-11,0.124119794302802
2022-11-14,0.13259157075793934
2022-11-15,0.09056984979947527
2022-11-16,0.28953478017643414
2022-11-17,-0.18547037399971075
2022-11-18,-0.20288335730024115
2022-11-21,0.027881107828527877
2022-11-22,-0.00909990453649912
2022-11-23,0.04515985411660214
2022-11-24,-0.2761876474164698
2022-11-25,0.09792149611868728
2022-11-28,0.07802461904446815
2022-11-29,0.26286227023113284
2022-11-30,-0.07855345900601993
2022-12-01,0.19674977037799599
2022-12-02,-0.007904626358645646
2022-12-05,-0.2286310548437618
2022-12-06,-0.2560884043810746
2022-12-07,0.2716071255335639
2022-12-08,-0.2281692576222498
2022-12-09,0.0005847423607459759
2022-12-12,-0.29847758245162453
2022-12-13,0.23085430477686536
2022-12-14,-0.13754963910325146
2022-12-15,-0.09370855081182883
2022-12-16,-0.1641522120101306
2022-12-19,-0.34031490752401566
2022-12-20,0.12034270939354356
2022-12-21,-0.26879191821791204
2022-12-22,0.2506995165440675
2022-12-23,-0.029281336092487387
2022-12-26,-0.1400457846851174
2022-12-27,-0.4125406874563109
2022-12-28,0.3011116892811657
2023-01-03,0.23309087060132963
2023-01-04,-0.22955480659746333
2023-01-06,0.39191368394836174
2023-01-07,-0.010168824625181814
2023-01-09,-0.02878871857765574
2023-01-10,-0.0009452158504546708
2023-01-11,-0.17315017604931232
2023-01-12,-0.17401398625832196
2023-01-13,0.04133735340981916
2023-01-18,0.5092879809270542
2023-01-19,0.16366186965111065
2023-01-30,0.29764750279221575
2023-01-31,0.2054574069089244
2023-02-01,0.015276962686159546
2023-02-03,-0.21697479325208724
2023-02-04,-0.041596272192170373
2023-02-06,0.20448686624708226
2023-02-07,-0.031002009768514256
2023-02-08,-0.035669274507237884
2023-02-09,-0.31508868238438215
2023-02-10,0.11823293005783257
2023-02-13,-0.14129880212588897
2023-02-14,0.08999997680316509
2023-02-15,0.06769486922118088
2023-02-17,0.402214792209007
2023-02-18,0.11123626304149492
2023-02-20,-0.1807764650674917
2023-02-21,0.05403307685156258
2023-02-22,0.12987912158614018
2023-02-23,-0.243265547334797
2023-02-24,0.12481823766894488
2023-03-01,0.12015539454933531
2023-03-02,0.003789927129419101
2023-03-03,0.07082245313006402
2023-03-06,-0.12251374504848192
2023-03-07,0.1836198440504873
2023-03-08,-0.23348099902322023
2023-03-09,-0.2810334346616209
2023-03-10,-0.06403452073056641
2023-03-13,0.10837788852597018
2023-03-14,-0.14318881975060088
2023-03-15,-0.031181809353215968
2023-03-16,0.16519548120699906
2023-03-17,0.2594204126206052
2023-03-20,0.0689443198979095
2023-03-21,-0.1746926189831366
2023-03-22,0.12689086160067578
2023-03-24,-0.03897596516113302
2023-03-25,-0.09160636594587356
2023-03-27,-0.28875075640963793
2023-03-28,0.08407331220202727
2023-03-29,0.012519463535249537
2023-03-30,-0.11862092249941528
2023-03-31,0.16553801136096266
2023-04-06,0.026776920144530564
2023-04-07,0.06207234339365903
2023-04-10,-0.025570000194163695
2023-04-11,0.0492269686556911
2023-04-12,-0.1226565624157125
2023-04-13,0.011474174496211072
2023-04-14,0.25954425495261657
2023-04-17,-0.19721208743369964
2023-04-18,-0.008728034555806787
2023-04-19,-0.36823734430620564
2023-04-20,-0.42267973866421776
2023-04-21,0.28378983741696123
2023-04-24,-0.37272633630340435
2023-04-25,0.19126358579882585
2023-04-26,0.3126591794435658
2023-04-27,0.10082806551729842
2023-04-28,-0.04257878030316609
2023-05-02,-0.11882821979841235
2023-05-03,0.04822328043484648
2023-05-04,0.040951796092769714
2023-05-05,-0.10266902683486778
2023-05-08,-0.2730741111993192
2023-05-09,0.07491263413447488
2023-05-10,-0.3944394628622074
2023-05-12,0.24604595934546122
2023-05-13,-0.08398012462761562
2023-05-15,0.05793605536481218
2023-05-16,0.3104818551565786
2023-05-17,-0.04342551400675431
2023-05-18,-0.08581343005535079
2023-05-19,0.1351570571334363
2023-05-22,-0.018844862629752757
2023-05-23,0.06399977638585114
2023-05-24,0.03646526927945617
2023-05-25,-0.21122525432094505
2023-05-26,0.250014144895797
2023-05-29,-0.1491513236020505
2023-05-30,0.08647188893736592
2023-05-31,0.2039809976202887
2023-06-01,-0.0064906492760558685
2023-06-02,0.004143782025980369
2023-06-05,-0.07253191663300332
2023-06-06,0.07757014923960179
2023-06-07,-0.15588051650693743
2023-06-08,0.1150070820562843
2023-06-09,-0.18850844949881554
2023-06-12,0.053900992632305286
2023-06-13,0.01373755591669093
2023-06-14,0.1293740575051714
2023-06-16,-0.05782105857660918
2023-06-17,0.03772472763134456
2023-06-19,-0.04828491641924642
2023-06-20,-0.06823990746287867
2023-06-21,-0.1905757525298862
2023-06-26,-0.18793573075057676
2023-06-27,-0.009205612680508023
2023-06-28,0.15793214334534256
2023-06-29,0.19256889165652505
2023-06-30,0.20014811534279717
2023-07-03,0.05327098085944588
2023-07-04,-0.19179297688661662
2023-07-05,-0.008888223634210393
2023-07-06,-0.04852901096821297
2023-07-07,0.006991352661031531
2023-07-10,0.02317585769358225
2023-07-11,-0.0771738974715874
2023-07-12,-0.01537214392222906
2023-07-13,0.07400102961242234
2023-07-14,0.18151912125367306
2023-07-17,-0.2751274471966188
2023-07-18,-0.237092251725314
2023-07-19,-0.07596418846796237
2023-07-20,0.2420388483893526
2023-07-21,-0.2129777615376391
2023-07-24,0.09300013913006097
2023-07-25,-0.2857785687259343
2023-07-26,-0.06644871852167145
2023-07-27,0.09527280989685072
2023-07-28,-0.20715277713613858
2023-07-31,-0.25117163682045357
2023-08-01,-0.4769260809531897
2023-08-02,0.19125862440742084
2023-08-04,0.1825708661694183
2023-08-07,-0.2576281244785613
2023-08-08,-0.18253760522453177
2023-08-09,-0.3902305324982817
2023-08-10,-0.1610568945943296
2023-08-11,0.043734320014206546
2023-08-14,-0.02567137596739325
2023-08-15,0.16733903893530624
2023-08-16,0.5288609148492142
2023-08-17,-0.2593160851464916
2023-08-18,0.14021728368427333
2023-08-21,-0.1847299225802561
2023-08-22,0.27574185549758035
2023-08-23,-0.30546229241432876
2023-08-24,0.08517186758838317
2023-08-25,0.05025691781900178
2023-08-28,0.2299470878533575
2023-08-29,0.0026744931785519233
2023-08-30,0.10918596193463923
2023-08-31,-0.18804627075425898
2023-09-01,-0.07456266320801076
2023-09-04,0.14285162968324952
2023-09-05,-0.0807400878122952
2023-09-06,-0.028701708280917008
2023-09-07,-0.05248241008699367
2023-09-08,-0.36470388232376294
2023-09-11,-0.028637698001124784
2023-09-12,0.14501268656756225
2023-09-13,0.20204215578007775
2023-09-14,-0.17928374612347334
2023-09-15,0.06183079851032395
2023-09-18,-0.29909708831158277
2023-09-19,-0.2993763006869755
2023-09-20,-0.27342751368410473
2023-09-22,0.4114079839892938
2023-09-23,0.14818842203511526
2023-09-25,-0.2566426244143747
2023-09-26,0.2256519415537346
2023-09-27,0.15969531746970364
2023-09-28,0.10469944630077538
2023-10-02,-0.358062361465361
2023-10-03,0.33884969667401993
2023-10-04,0.1407133320396255
2023-10-05,-0.06785273903504511
2023-10-06,-0.3400680804393751
2023-10-11,0.18253026380289308
2023-10-12,-0.205706245436006
2023-10-13,-0.0649814488543149
2023-10-16,-0.25431337555666284
2023-10-17,-0.40483054613096936
2023-10-18,0.1089563615636271
2023-10-19,-0.21799554078303082
2023-10-20,0.23598767136879129
2023-10-23,0.359811927507635
2023-10-24,-0.25048109673127306
2023-10-25,-0.009973496661423576
2023-10-26,-0.09264852155941028
2023-10-27,0.1489712967201427
2023-10-30,-0.34668208277673895
2023-10-31,0.22650431557888415
2023-11-01,0.274839360662625
2023-11-02,0.045869059859051535
2023-11-03,0.04826827792523685
2023-11-06,0.08609278372176644
2023-11-07,-0.08787324105412203
2023-11-08,-0.15608145276445448
2023-11-09,0.029461781614694916
2023-11-10,0.017620236977611666
2023-11-13,0.17867335831427403
2023-11-14,-0.1758501441593378
2023-11-15,0.05745805035796492
2023-11-16,0.08514169354879039
2023-11-17,0.051320453588769334
2023-11-20,-0.24890151318736947
2023-11-21,0.2011152949543699
2023-11-22,-0.207187031428423
2023-11-23,-0.06619208194386925
2023-11-24,-0.3458171295533734
2023-11-27,0.321831524598915
2023-11-28,0.11578636547719191
2023-11-29,-0.06707710220312237
2023-11-30,0.09536491930594876
2023-12-01,-0.21126246964237785
2023-12-04,-0.039149396493934015
2023-12-05,0.009372770006631
2023-12-06,-0.020858525183920028
2023-12-07,0.02579262360706534
2023-12-08,-0.025175009117714187
2023-12-11,-0.08649441035978539
2023-12-12,0.13287108655103436
2023-12-13,-0.21231076235165303
2023-12-14,-0.23763832063987608
2023-12-15,-0.1627765465498027
2023-12-18,-0.039823006678050984
2023-12-19,-0.14703092192303302
2023-12-20,0.0776261738833122
2023-12-21,0.0028796182445899373
2023-12-22,-0.20565761864119939
2023-12-25,0.12424119913475896
2023-12-26,-0.06942610513450449
2023-12-27,-0.15454631058675045
2024-01-02,-0.03952721704290449
2024-01-03,-0.11418261822507152
2024-01-04,0.08766054195518964
2024-01-05,-0.05721377714496055
2024-01-08,-0.23523966230347748
2024-01-09,0.06757112518198093
2024-01-10,0.029543950379999514
2024-01-11,-0.04713824487979893
2024-01-12,0.17946758284337208
2024-01-15,0.05876290273404308
2024-01-16,-0.24573885604811893
2024-01-17,0.13470012057426914
2024-01-18,-0.06475806175592304
2024-01-19,0.2519087295149037
2024-01-22,0.07287520247516252
2024-01-23,-0.043317604077031335
2024-01-24,-0.29596658465822817
2024-01-25,0.011679169111403901
2024-01-26,0.22252370402686478
2024-01-29,-0.017638211220324822
2024-01-30,-0.06785708112918795
2024-01-31,0.17692602064262306
2024-02-01,-0.032763098470086564
2024-02-06,0.15709298586416456
2024-02-07,0.11249416171943039
2024-02-16,0.5362869761175367
2024-02-17,-0.039115772760197745
2024-02-19,-0.09906319970218241
2024-02-20,0.20614103061655056
2024-02-21,-0.01345512161599056
2024-02-22,-0.18779409373253805
2024-02-23,0.12616435555663535
2024-02-26,-0.15079266731143467
2024-02-27,0.21894795964519748
2024-02-29,0.06636218364707969
2024-03-01,-0.010591271003611699
2024-03-04,-0.09603389657763398
2024-03-05,0.18510019142818473
2024-03-06,-0.3147899069728585
2024-03-07,-0.37782071070920614
2024-03-08,0.06610338117452919
2024-03-11,0.1610802075479293
2024-03-12,-0.23256224248360693
2024-03-13,-0.24856915508827052
2024-03-14,0.052945344411718456
2024-03-15,0.22663461915684086
2024-03-18,0.06472701434689669
2024-03-19,-0.06537495255617329
2024-03-20,0.0002812758314578112
2024-03-21,-0.048541389864348014
2024-03-22,-0.03348092068342564
2024-03-25,-0.19782211631033061
2024-03-26,0.10303487682910328
2024-03-27,-0.10564948913182945
2024-03-28,-0.09467429527700856
2024-03-29,0.0720795960718568
2024-04-01,-0.06408741780501782
2024-04-02,0.15286044519877953
2024-04-03,0.037716013629262975
2024-04-08,-0.1381956666095605
2024-04-09,-0.14770872869292997
2024-04-10,0.02303560616314019
2024-04-11,0.0009235994416604704
2024-04-12,-0.24864280855701748
2024-04-15,-0.09125665753500659
2024-04-16,0.15696296386050793
2024-04-17,-0.04990035158106124
2024-04-18,-0.24026457282948016
2024-04-19,0.04856461037689813
2024-04-22,0.16619675127396813
2024-04-23,-0.0053332893334200986
2024-04-24,0.11340083462307257
2024-04-25,0.09637390335324965
2024-04-26,-0.014139022021919244
2024-04-30,-0.010632502130848844
2024-05-01,0.15912572973186906
2024-05-02,-0.04936307842261668
2024-05-03,-0.1087302000621724
2024-05-06,-0.010204988008182616
2024-05-07,-0.052804362015785575
2024-05-08,-0.20840798790119042
2024-05-09,-0.21482385900384757
2024-05-10,-0.1724475144527734
2024-05-13,0.00984126274821244
2024-05-14,-0.021767734388301572
2024-05-15,0.11231871403699999
2024-05-16,-0.04808542190294623
2024-05-17,-0.18273680059716715
2024-05-20,0.01125514360145585
2024-05-21,-0.02733193309046359
2024-05-22,-0.25275130841998644
2024-05-23,0.3218731928202022
2024-05-24,0.10419914128626138
2024-05-27,-0.036629302146055594
2024-05-28,-0.11015299393069879
2024-05-29,-0.07369223803005909
2024-05-30,0.01032670763127726
2024-05-31,0.041978668229954795
2024-06-03,0.04265671559697998
2024-06-04,-0.09972255666653024
2024-06-05,-0.19105111518083387
2024-06-06,0.11537641247110916
2024-06-07,-0.19403838894458939
2024-06-11,0.10876027201105135
2024-06-12,0.13534264281639555
2024-06-13,0.11935957948740623
2024-06-14,-0.07682441754376938
2024-06-17,-0.011179410250531896
2024-06-18,-0.2490377703970458
2024-06-19,-0.014181672254671075
2024-06-20,-0.10121729107779211
2024-06-21,-0.22701467629318983
2024-06-24,0.20306830622663022
2024-06-25,0.029799789730715186
2024-06-26,-0.08203957133508376
2024-06-27,0.0716420867643025
2024-06-28,0.04494182414324568
2024-07-01,0.037994230484279544
2024-07-02,-0.03394423315928764
2024-07-03,0.026709546005964417
2024-07-04,0.06793105132739218
2024-07-05,-0.26076937753724266
2024-07-08,-0.014161544879320675
2024-07-09,0.15872527460297642
2024-07-10,-0.16700553002007296
2024-07-11,-0.0012175800330676107
2024-07-12,-0.11694259080196605
2024-07-15,0.02289621635860265
2024-07-16,-0.31625356768237817
2024-07-17,-0.029715154193968932
2024-07-18,-0.16980439300743322
2024-07-19,-0.09996783549418126
2024-07-22,0.10639496030132115
2024-07-23,0.37695666311788517
2024-07-26,-0.45348542189704033
2024-07-29,0.22343369618192485
2024-07-30,0.20920715512664068
2024-07-31,-0.2744845885389402
2024-08-01,-0.37996607805495364
2024-08-02,-0.025652776121712677
2024-08-05,-0.17314932492968982
2024-08-06,0.21207033101066236
2024-08-07,0.3618126556609324
2024-08-08,-0.024236327615999944
2024-08-09,0.18320098162972
2024-08-12,0.1967587480557271
2024-08-13,-0.04736477333103417
2024-08-14,0.06715963046797684
2024-08-15,0.12515089755858985
2024-08-16,0.009394475372864948
2024-08-19,-0.20874843354854744
2024-08-20,-0.0980200732194565
2024-08-21,-0.19599901476617734
2024-08-22,0.0974217487056682
2024-08-23,-0.19716976125621158
2024-08-26,0.1936913864132793
2024-08-27,-0.075455772227608
2024-08-28,0.1467754071965586
2024-08-29,-0.0721907390662447
2024-08-30,-0.13152403543838698
2024-09-02,-0.2994376063560002
2024-09-03,0.41725373414732764
2024-09-04,-0.1652821794138027
2024-09-05,-0.2632844893652506
2024-09-06,0.38528471112165863
2024-09-09,-0.4492521401882352
2024-09-10,0.2060040543501912
2024-09-11,0.13229263663071006
2024-09-12,-0.016655021784222023
2024-09-13,0.002506863208548495
2024-09-16,-0.1669941770384434
2024-09-18,0.3291672540998979
2024-09-19,-0.09790674841999437
2024-09-20,0.0038870635094639724
2024-09-23,-0.010601937444478137
2024-09-24,0.1757211194403426
2024-09-25,-0.22060166976073037
2024-09-26,-0.12094210232962306
2024-09-27,-0.12549443946533026
2024-09-30,-0.007227203515223994
2024-10-01,-0.16506285812403917
2024-10-04,-0.015124934911656604
2024-10-07,0.042850414063446834
2024-10-08,-0.18002993737480766
2024-10-09,-0.07881130362796347
2024-10-11,0.24163594012816217
2024-10-14,-0.29368509276799826
2024-10-15,0.22818366950276422
2024-10-16,0.08518198989177715
2024-10-17,-0.3245764716464127
2024-10-18,0.17033070879799087
2024-10-21,0.1120447153714028
2024-10-22,0.11176647001228997
2024-10-23,-0.21668451029482738
2024-10-24,-0.036734579967818294
2024-10-25,-0.33800464017279075
2024-10-28,-0.20303810882918213
2024-10-30,-0.21456402827764082
2024-10-31,0.23722737086123172
2024-11-01,-0.17672083774096461
2024-11-04,0.14043678850368185
2024-11-05,0.043173581876305656
2024-11-06,0.11839844201199821
2024-11-07,-0.11250541892514622
2024-11-08,-0.1027586859699057
2024-11-11,-0.030504490967842638
2024-11-12,0.00607287957001872
2024-11-13,-0.12605059448024303
2024-11-14,-0.10578636917238833
2024-11-15,-0.2507853015748371
2024-11-18,0.22087425500611482
2024-11-19,-0.2384054266675987
2024-11-20,0.23831008550745758
2024-11-21,-0.01912950455962366
2024-11-22,0.06204159128869239
2024-11-25,-0.03026312501810497
2024-11-26,-0.38229825456621025
2024-11-27,-0.18262506243285595
2024-11-28,0.21700548815625803
2024-11-29,0.00757323635634323
2024-12-02,-0.12374532496389713
2024-12-03,0.2635360524587015
2024-12-04,-0.1350806572376487
2024-12-05,-0.13608255113327541
2024-12-06,-0.2308145640346284
2024-12-09,-0.19763463743359622
2024-12-10,0.21543889222814797
2024-12-11,-0.202837696403946
2024-12-12,-0.13781854131784482
2024-12-13,-0.21736451152353603
2024-12-16,0.1800130036696174
2024-12-17,-0.15457021023914314
2024-12-18,0.1870342662663588
2024-12-19,-0.002774779486670695
2024-12-20,0.03830804829706357
2024-12-23,-0.05282671367094434
2024-12-24,0.20121684451252786
2024-12-25,-0.0941212137347233
2024-12-26,-0.2512614553076337
2024-12-27,-0.15292276711724928
2025-01-02,-0.012923828387604166
2025-01-03,0.10705529010580354
2025-01-06,-0.1705696589231394
2025-01-07,0.004893728179307167
2025-01-08,-0.29790471972290794
2025-01-09,-0.09609323835505418
2025-01-10,-0.26101341546676016
2025-01-13,-0.013419435324583458
2025-01-14,-0.002005397211305186
2025-01-15,0.0028562099760873747
2025-01-16,-0.04970403342950804
2025-01-17,0.13612753228366117
2025-01-20,0.008562178737280738
2025-01-23,-0.3078533944030892
2025-01-24,0.10031169487724215
2025-02-03,-0.02319063917527801
2025-02-04,0.3412677438768141
2025-02-05,-0.035009249739295006
2025-02-07,-0.011395828674760682
2025-02-08,-0.0199807458235408
2025-02-10,0.09567683205927092
2025-02-11,-0.1071922124062341
2025-02-12,-0.1601555312645673
2025-02-13,-0.05148933259777316
2025-02-14,0.18194394892149207
2025-02-17,0.18610602955706104
2025-02-18,0.07634170957576783
2025-02-19,-0.24943445324929508
2025-02-20,-0.17530122489402905
2025-02-21,0.019763059642293124
2025-02-24,-0.21828209268342907
2025-02-25,0.03856081395729834
2025-02-26,-0.45546799449757486
2025-02-27,-0.16195721790878567
2025-03-03,0.41743082752308097
2025-03-04,0.03220842575009248
2025-03-05,-0.34063494194218435
2025-03-06,-0.09468993928560715
2025-03-07,-0.3785961758629512
2025-03-10,0.2091071645842512
2025-03-11,0.022330712168362268
2025-03-12,-0.1812400118529145
2025-03-13,-0.009303810984147473
2025-03-14,-0.02355723145473012
2025-03-17,0.05664683163432817
2025-03-18,-0.13769241213465983
2025-03-19,0.03568944361051142
2025-03-20,-0.14479406851852686
2025-03-21,-0.1093974138722697
2025-03-24,-0.06591457577503686
2025-03-25,-0.21693235408955616
2025-03-26,-0.17330088224035708
2025-03-27,-0.15871952979558976
2025-03-28,-0.024359916770256392
2025-03-31,0.043318445580272265
2025-04-01,-0.05460098276303436
2025-04-02,-0.39676684711793725
2025-04-07,0.0004613624917146061
2025-04-08,0.21592348752156987
2025-04-09,0.10312492801723155
2025-04-10,0.0826283697205236
2025-04-11,0.17101260912286004
2025-04-14,0.24143816333302162
2025-04-15,-0.02918052420202236
2025-04-16,-0.058764638898326685
2025-04-17,0.044873436548239415
2025-04-18,-0.3559087817650676
2025-04-21,0.24301783652066575
2025-04-22,0.19383432638850576
2025-04-23,0.17522454279826424
2025-04-24,0.028183731662563705
2025-04-25,0.2401818758528798
2025-04-28,0.16621912938777478
2025-04-29,0.03899430907041932
2025-04-30,0.02039922705919863
2025-05-02,-0.4010149145585965
2025-05-05,0.056295406420692876
2025-05-06,-0.0031767374448684717
2025-05-07,0.05295198819214223
2025-05-08,-0.10591472892760044
2025-05-09,0.3349350093023533
2025-05-12,-0.09766362683390088
2025-05-13,0.15582178375802866
2025-05-14,0.06587836179324154
2025-05-15,-0.1216670399287493
2025-05-16,-0.17725440998990225
2025-05-19,-0.11161731612201974
2025-05-20,-0.003319496663749589
2025-05-21,0.18475587573446975
2025-05-22,-0.20532384512362228
2025-05-23,-0.05131133037403017
2025-05-26,0.06564993608171574
2025-05-27,-0.10819057574947931
2025-05-28,-0.06989977997594567
2025-05-29,-0.0512046211401753
2025-06-02,0.19878016825286715
2025-06-03,0.13614841969989486
2025-06-04,-0.050704561893756425
2025-06-05,-0.0727613587270769
2025-06-06,-0.0753777738321624
2025-06-09,0.11988264789316655
2025-06-10,0.05360734752769017
2025-06-11,-0.026005226483344402
2025-06-12,-0.22070107882525244
2025-06-13,0.2187528255514198
2025-06-16,-0.08245298605265633
2025-06-17,0.1392377480608278
2025-06-18,-0.28394415931320816
2025-06-19,-0.11191654001981624
2025-06-20,0.22608523382947532
2025-06-23,0.0990029111145468
2025-06-24,-0.030610227507591382
2025-06-25,-0.028138117250075246
2025-06-26,-0.15703271711097871
2025-06-27,-0.0692523505920252
2025-06-30,-0.2057821509160246
2025-07-01,0.19358567656849346
2025-07-02,-0.18558969335799202
2025-07-03,-0.2548871991390002
2025-07-04,-0.17396730311514252
2025-07-07,0.09610119246082449
2025-07-08,0.16792685960148754
2025-07-09,-0.09735234572807434
2025-07-10,0.09842952273966843
2025-07-11,-0.16011593854372955
2025-07-14,0.19051807269832233
2025-07-15,-0.08666138357892847
2025-07-16,0.1816765614931492
2025-07-17,-0.10204023575484275
2025-07-18,0.07762222794454114
2025-07-21,-0.29621634438552
2025-07-22,0.1520391400698551
2025-07-23,-0.02859003335564138
2025-07-24,-0.025834420526097666
2025-07-25,0.03926227118250605
2025-07-28,-0.06150006018916963
2025-07-29,-0.02571149061995556
2025-07-30,-0.28816248373641296
2025-07-31,0.22138841064897574
2025-08-01,0.19420303168359407
2025-08-04,-0.02606373321158394
2025-08-05,0.0016878843264402947
2025-08-06,-0.04440564019540685
2025-08-07,-0.09681188087921616
2025-08-08,0.1319599751318085
2025-08-11,0.01947877294252437
2025-08-12,-0.06056235477606633
2025-08-13,0.005016675116544574
2025-08-14,0.1410866007646558
2025-08-15,0.2437273528540161
2025-08-18,-0.34318568619355205
2025-08-19,-0.20338170287824606
2025-08-20,0.15578263926586106
2025-08-21,0.028686303726115317
2025-08-22,0.0340363197492921
2025-08-25,0.2930418273772671
2025-08-26,0.08916173545218302
2025-08-27,0.11002531122614412
2025-08-28,-0.1944156458218798
2025-08-29,-0.2328475828217683
2025-09-01,-0.3627862644164009
2025-09-02,0.2847099754266352
2025-09-03,-0.34273885039479296
2025-09-04,0.1330913422417508
2025-09-05,0.059623773014814516
2025-09-08,-0.10328183162476567
2025-09-09,0.049501982995269714
2025-09-10,-0.27482883046711437
2025-09-11,-0.11572932856911929
2025-09-12,-0.03218793027409439
2025-09-15,0.08543179293763228
2025-09-16,-0.009361407118235092
2025-09-17,0.16184522681049257
2025-09-18,-0.16286245429595916
2025-09-19,0.12523575911276844
2025-09-22,-0.19344990825340103
2025-09-23,-0.27506271440454605
2025-09-24,-0.1777076118424987
2025-09-25,-0.2898383335907325
2025-09-26,0.29892434674833696
2025-09-30,0.09017416176124819
2025-10-01,-0.16972216898730075
2025-10-02,0.075114613091522
2025-10-03,0.03371079543943565
2025-10-07,0.21635159438150328
2025-10-08,-0.45753440011804547
2025-10-09,0.4732960808098903
2025-10-13,-0.4989270150790329
2025-10-14,0.1431858815371759
2025-10-15,0.05066803101014522
2025-10-16,-0.11582619100995949
2025-10-17,0.07585841639506072
2025-10-20,0.10391509661913258
2025-10-21,-0.15794485408903133
2025-10-22,0.1580114910587536
2025-10-23,-0.06453597713966988
2025-10-27,-0.05433898529433164
2025-10-28,-0.012173497862352478
2025-10-29,-0.2578036090361011
2025-10-30,0.10947138309229737
2025-10-31,0.14542939677990424
2025-11-03,-0.4975926560324626
2025-11-04,0.23270363505918631
2025-11-05,-0.1579546149483602
2025-11-06,-0.16970843531992735
2025-11-07,0.018670777715595308
2025-11-10,-0.06548558634541977
2025-11-11,0.013963514917584893
2025-11-12,-0.27377130748559525
2025-11-13,0.11338347301726012
2025-11-14,-0.19068130557267535
2025-11-17,-0.36475273674608466
2025-11-18,0.26140942805547074
2025-11-19,-0.3375061289042455
2025-11-20,-0.05793951746989184
2025-11-21,0.20237349208414535
2025-11-24,0.23693522859701535
2025-11-25,0.1495789932554741
2025-11-26,0.08617952610019455
2025-11-27,0.08291879919642794
2025-11-28,-0.1889887258002332
2025-12-01,-0.1050184581884577
2025-12-02,0.10048318774721823
2025-12-03,-0.04017839634138317
2025-12-04,0.04406555793293667
2025-12-05,0.04379627688094576
2025-12-08,0.11404438905017857
2025-12-09,-0.06597228791217485
2025-12-10,-0.047009463459575206
2025-12-11,-0.1646956067974978
2025-12-12,0.15689555940276959
2025-12-15,-0.23997858069745126
2025-12-16,-0.16658134156585905
2025-12-17,0.0455351730717566
2025-12-18,0.12445633517018052
2025-12-19,0.13218286861460524
2025-12-22,0.022937177751346353
2025-12-23,-0.05716824127230368
2025-12-24,0.08748636802649076
2025-12-26,-0.15981340121154694
2025-12-29,0.11256842177543777
